"species","n_wings_replicated","mean_RMS","sd_RMS","median_RMS","q05","q95"
"L",12,0.000763658685403507,0.000282546595194109,0.000723888383382214,0.000551382345504779,0.00117511385322451
