"species","n_wings_replicated","mean_RMS","sd_RMS","median_RMS","q05","q95"
"lapidarius",12,0.000766160886760089,0.000290763445741986,0.000723888383382214,0.000551382345504779,0.00118862574055005
