"species","n_wings_replicated","mean_RMS","sd_RMS","median_RMS","q05","q95"
"lapidarius",48,0.000929163612376219,0.00016926142463976,0.000920837730255614,0.000714958879036016,0.00131855745262431
