"species","n_wings_replicated","mean_RMS","sd_RMS","median_RMS","q05","q95"
"pascuorum",48,0.00094304079432679,0.000165471131647957,0.000930925821565362,0.000721508596300135,0.00121548125178341
