"drop_extra","extra_n","landmarks_used","mean_pair_RMS","rho_vs_baseline"
"LM6,LM15",2,17,0.00152856325060064,0.970434782608696
"LM6",1,18,0.00153350390364926,0.980869565217391
"LM6,LM15,LM21",3,16,0.00156156235686423,0.951304347826087
"LM6,LM21",2,17,0.00156399751080544,0.954782608695652
"none",0,19,0.00158179315089099,1
"LM15",1,18,0.00158701153633941,0.988695652173913
"LM21",1,18,0.00161902581410842,0.970434782608696
"LM15,LM21",2,17,0.0016281037680129,0.962608695652174
