"removed_n","landmarks_used","removed_landmarks","mean_pair_RMS","rho_vs_full"
0,21,"none",0.00303343232135307,1
1,20,"LM20",0.00254526922963891,0.993043478260869
2,19,"LM20,LM18",0.00158179315089099,0.991304347826087
3,18,"LM20,LM18,LM19",0.00154952600368404,0.698260869565217
4,17,"LM20,LM18,LM19,LM6",0.00147910060792576,0.707826086956522
5,16,"LM20,LM18,LM19,LM6,LM1",0.00162821283345087,0.665217391304348
