"removed_n","landmarks_used","removed_landmarks","mean_pair_RMS","rho_vs_full"
0,6,"none",0.0108372072632778,1
1,5,"LM6",0.0104472833197792,0.921739130434783
2,4,"LM6,LM4",0.00948428020049475,0.545217391304348
3,3,"LM6,LM4,LM5",0.0146115766418491,0.450434782608696
