"landmark","landmark_id","ME_mean"
"LM6",6,0.013880114234422
"LM4",4,0.0133208641313955
"LM5",5,0.0102767625852111
"LM1",1,0.00895062305959979
"LM3",3,0.00831228601418361
"LM2",2,0.00646875599965443
