"Estimate","Std. Error","df","t value","Pr(>|t|)","term"
1.00009138168525,1.65867130714441e-05,4.00000006730845,60294.729725989,4.53976684194615e-19,"(Intercept)"
-1.45218357361954e-05,2.34571545808274e-05,4.00000006730846,-0.619079167771897,0.569381230333583,"urbanityUrban"
