"Estimate","Std. Error","df","t value","Pr(>|t|)","term"
9.13455252231796e-05,1.67142006816437e-05,3.99999993401808,5.46514469719747,0.00545170346528729,"(Intercept)"
-1.39904538629352e-05,2.36374492882062e-05,3.99999993401766,-0.591876631541443,0.585766551232056,"urbanityUrban"
