"Estimate","Std. Error","df","t value","Pr(>|t|)","term"
1.00011951942597,1.26296623051693e-05,3.99999996474123,79188.144168876,1.52584614828422e-19,"(Intercept)"
-1.69785717685597e-05,1.78610397201627e-05,3.9999999647007,-0.950592576612052,0.395640089871013,"urbanityUrban"
