"Estimate","Std. Error","df","t value","Pr(>|t|)","term"
0.000119509592080851,1.2627538035546e-05,3.99999997334104,9.46420369073025,0.000695285358362014,"(Intercept)"
-1.69750226728949e-05,1.78580355492512e-05,3.99999997326029,-0.950553750779526,0.395657590115875,"urbanityUrban"
