"Estimate","Std. Error","df","t value","Pr(>|t|)","term"
1.00011502105319,8.47477268688165e-06,4.00000019515648,118010.837340958,3.0935902093444e-20,"(Intercept)"
7.62418148674606e-06,1.19851384718171e-05,4.00000019535639,0.636136287008633,0.559265635412746,"urbanityUrban"
