"Estimate","Std. Error","df","t value","Pr(>|t|)","term"
0.000115013293908887,8.47340723468239e-06,3.99999999202297,13.5734410873265,0.000170544474336659,"(Intercept)"
7.62302802821694e-06,1.19832074307981e-05,3.99999999205586,0.636142541322028,0.559261950634379,"urbanityUrban"
